<?xml version="1.0" encoding="UTF-8"?>
<!DOCTYPE mapper PUBLIC "-//mybatis.org//DTD Mapper 3.0//EN" "http://mybatis.org/dtd/mybatis-3-mapper.dtd">

<mapper namespace="com.bit.book.model.dao.BookBoardMapper">
	<select resultType="BookBoardBean" parameterType="string" id="getSearchList">
	select * from bookboard where bookname like '%'||#{keyword}||'%' order by boardno DESC
	</select>
	
	<select id="getAllGenre" resultType="BookBoardBean">
	select * from bookboard order by boardno DESC
	</select>
	
	<select id="getNobleGenre" resultType="BookBoardBean">
	select * from bookboard where genre='소설' order by boardno DESC
	</select>
	
	<select id="getDevelopGenre" resultType="BookBoardBean">
	select * from bookboard where genre='자기계발' order by boardno DESC
	</select>	
	
	<select id="getForeignLanguageGenre" resultType="BookBoardBean">
	select * from bookboard where genre='외국어' order by boardno DESC
	</select>
	
	<select id="getItGenre" resultType="BookBoardBean">
	select * from bookboard where genre='IT' order by boardno DESC
	</select>
	
	<select id="getAllList" resultType="BookBoardBean">
	select * from bookboard
	</select>
	
	<select id="read" resultType="com.bit.book.model.dto.BookBoardBean">
	select * from bookboard where boardno = #{boardNo}</select>
	
	<update id="BookUpdate">
	update bookboard a
    set commcnt = (select count(*) from bookboardcomment b where b.boardno = a.boardno)
	</update>
	
	<update id="upviews" parameterType="BookBoardBean">
	update bookboard set views = views + 1 where boardno=#{boardNo}
	</update>
		
</mapper>