<?xml version="1.0" encoding="UTF-8"?>
<!DOCTYPE mapper PUBLIC "-//mybatis.org//DTD Mapper 3.0//EN" "http://mybatis.org/dtd/mybatis-3-mapper.dtd">

<mapper namespace="com.bit.book.model.dao.BookBoardInsertMapper">

      <insert id="insert" parameterType="com.bit.book.model.dto.BookBoardBean">
      insert into bookboard (boardNo,id,bookName,bookWriter,publisher,genre,price,views,imageUrl,contents)
         values(boardNo_seq.nextval,#{id},#{bookName},#{bookWriter},#{publisher},#{genre},#{price},0,#{imageUrl},#{contents})
      </insert>   
      
      <select id="editBook" resultType="com.bit.book.model.dto.BookBoardBean">
      	select * from bookboard where boardNo=#{boardNo}
      </select>
      
 
      	   <update id="updateBook" parameterType="com.bit.book.model.dto.BookBoardBean">
         update bookboard set bookName=#{bookName},bookWriter=#{bookWriter},
            publisher=#{publisher},genre=#{genre},price=#{price},contents=#{contents},imageUrl=#{imageUrl} where boardNo=#{boardNo}
      </update>


	<delete id="bookDelet">
		delete from bookboard where boardNo=#{boardNo}
	</delete>
         <select id="attachedFileInfo" resultType="string">
      select imageUrl from bookboard where boardNo=#{boardNo}
   </select>
   		
</mapper>