<?xml version="1.0" encoding="UTF-8"?>
<!DOCTYPE mapper PUBLIC "-//mybatis.org//DTD Mapper 3.0//EN" "http://mybatis.org/dtd/mybatis-3-mapper.dtd">

<mapper namespace="com.bit.book.model.dao.BookCommentMapper">
	<select id="showCommList" resultType="BookCommentBean">
		select * from
		BOOKBOARDCOMMENT
		where BOARDNO = #{boardNo}
		order by COMMENTNO desc
	</select>
	
	<insert id="createComm">
		
		insert into BOOKBOARDCOMMENT (COMMENTNO, BOARDNO, COMMENTRATING, ID, CONTENT,COMMENTTIME )
		values ((select nvl(max(commentno)+1,1) from bookboardcomment),#{boardNo},#{commentRating} ,#{id},#{content},#{commentTime} )
	</insert>
	
	<delete id="deleteComm">
		delete from BOOKBOARDCOMMENT where COMMENTNO =#{commentNo}
	</delete>
	
	<select id="getCommentRating" resultType="BookCommentBean">
		select COMMENTRATING from 
		BOOKBOARDCOMMENT
		where BOARDNO =#{boardNo}
	</select>
</mapper>