<?xml version="1.0" encoding="UTF-8"?>
<beans:beans xmlns="http://www.springframework.org/schema/mvc"
	xmlns:xsi="http://www.w3.org/2001/XMLSchema-instance"
	xmlns:beans="http://www.springframework.org/schema/beans"
	xmlns:context="http://www.springframework.org/schema/context"
	xmlns:mybatis-spring="http://mybatis.org/schema/mybatis-spring"
	xsi:schemaLocation="http://www.springframework.org/schema/mvc https://www.springframework.org/schema/mvc/spring-mvc.xsd
		http://mybatis.org/schema/mybatis-spring http://mybatis.org/schema/mybatis-spring-1.2.xsd
		http://www.springframework.org/schema/beans https://www.springframework.org/schema/beans/spring-beans.xsd
		http://www.springframework.org/schema/context https://www.springframework.org/schema/context/spring-context.xsd">

	<!-- DispatcherServlet Context: defines this servlet's request-processing infrastructure -->
	
	<!-- Enables the Spring MVC @Controller programming model -->
	<annotation-driven />

	<!-- Handles HTTP GET requests for /resources/** by efficiently serving up static resources in the ${webappRoot}/resources directory -->
	<resources mapping="/resources/**" location="/resources/" />

	<!-- Resolves views selected for rendering by @Controllers to .jsp resources in the /WEB-INF/views directory -->
	<beans:bean class="org.springframework.web.servlet.view.InternalResourceViewResolver">
		<beans:property name="prefix" value="/WEB-INF/views/" />
		<beans:property name="suffix" value=".jsp" />
	</beans:bean>
	
	<context:component-scan base-package="com.five.mall" />
	
	<!-- 파일 업로드 관련 설정 -->
	<!-- 폼에서 필수 설정 : method="post" enctype="multipart/form-data" -->
	<beans:bean id="multipartResolver" class="org.springframework.web.multipart.commons.CommonsMultipartResolver">
		<!-- 파일업로드 최대 용량(byte) -->
		<beans:property name="maxUploadSize" value="10485760"/>
	</beans:bean>
	
	<!-- 파일업로드를 위한 디렉토리 설정 -->
	<!-- String uploadPath=new String("d:/upload"); -->
	<beans:bean id="uploadPath" class="java.lang.String">
		<beans:constructor-arg value="d:/upload"/>
	</beans:bean>
	
	<!-- ckeditor 리소스 매핑 추가 -->
	<resources location="/resources/editor/ckeditor/" mapping="/ckeditor/**"/>
	<!-- summernote 리소스 매핑 추가 -->
	<resources location="/resources/editor/summernote/" mapping="/summernote/**"/>
	
	
</beans:beans>
