<?xml version="1.0" encoding="UTF-8"?>
<beans xmlns="http://www.springframework.org/schema/beans"
	xmlns:xsi="http://www.w3.org/2001/XMLSchema-instance"
	xmlns:context="http://www.springframework.org/schema/context"
	xmlns:tx="http://www.springframework.org/schema/tx"
	xmlns:p="http://www.springframework.org/schema/p"
	xmlns:mybatis-spring="http://mybatis.org/schema/mybatis-spring"
	xsi:schemaLocation="http://mybatis.org/schema/mybatis-spring http://mybatis.org/schema/mybatis-spring-1.2.xsd
		http://www.springframework.org/schema/beans https://www.springframework.org/schema/beans/spring-beans.xsd
		http://www.springframework.org/schema/context http://www.springframework.org/schema/context/spring-context-3.1.xsd
		http://www.springframework.org/schema/tx http://www.springframework.org/schema/tx/spring-tx-3.1.xsd">

	<!-- Root Context: defines shared resources visible to all other web components -->
	<!-- Root Context: defines shared resources visible to all other web components -->

	<!-- <context:property-placeholder location="/resources/properties/dataSource.properties" 
		/> -->

	<!-- datasource를 위한 값을 가지고 있는 properties파일을 읽어 들인다 -->
	<bean
		class="org.springframework.beans.factory.config.PropertyPlaceholderConfigurer">
		<property name="location">
			<value>classpath:mybatis/config/dataSource.properties</value>
		</property>
	</bean>

	<bean id="dataSource"
		class="org.springframework.jdbc.datasource.DriverManagerDataSource">
		<property name="driverClassName" value="${bitDriver}" />
		<property name="url" value="${bitUrl}" />
		<property name="username" value="${bitUsername}" />
		<property name="password" value="${bitPassword}" />
	</bean>

	<bean id="sqlSessionFactoryBean"
		class="org.mybatis.spring.SqlSessionFactoryBean">
		<property name="dataSource" ref="dataSource" />
		<property name="mapperLocations"
			value="classpath:/mybatis/mappers/*Mapper.xml" />
	</bean>

	<bean id="sqlSession"
		class="org.mybatis.spring.SqlSessionTemplate">
		<constructor-arg ref="sqlSessionFactoryBean" index="0" />
	</bean>

	<!-- scan for mappers and let them be autowired -->
	<bean class="org.mybatis.spring.mapper.MapperScannerConfigurer">
		<property name="basePackage" value="com.five.mall.model.dao"/>
	</bean>

	<!-- mybatis mapper interface bean을 자동으로 검색 -->
<!-- 	<mybatis-spring:scan base-package="com.five.mall.model"/> -->

	<!-- <tx:annotation-driven transaction-manager="transactionManager"/> -->

	<!-- 트랜잭션 관련 설정 -->
	<bean id="transactionManager"
		class="org.springframework.jdbc.datasource.DataSourceTransactionManager">
		<property name="dataSource" ref="dataSource" />
	</bean>

	<!-- 트랜잭션 관련 어노테이션을 자동 인식하는 옵션 -->
	<tx:annotation-driven />

	<!-- 이메일 발송 bean 설정 -->
<!-- 	<bean id="mailSender" -->
<!-- 		class="org.springframework.mail.javamail.JavaMailSenderImpl"> -->
<!-- 		<property name="host" value="smtp.gmail.com" /> -->
<!-- 		<property name="port" value="587" /> -->
<!-- 		<property name="username" value="jaebumi415@gmail.com" /> -->
<!-- 		<property name="password" value="password" /> -->
<!-- 		<property name="javaMailProperties"> -->
<!-- 			<props> -->
<!-- 				<prop key="mail.transport.protocol">smtp</prop> -->
<!-- 				<prop key="mail.smtp.auth">true</prop> -->
<!-- 				<prop key="mail.smtp.starttls.enable">true</prop> -->
<!-- 				<prop key="mail.debug">true</prop> -->
<!-- 			</props> -->
<!-- 		</property> -->
<!-- 	</bean> -->

	<bean id="mailSender"
		class="org.springframework.mail.javamail.JavaMailSenderImpl"
		p:host="smtp.naver.com" p:port="465" p:username="dnthfdl0416"
		p:password="tkfkdgo">
		<property name="javaMailProperties">
			<props>
				<prop key="mail.smtp.starttls.enable">true</prop>
				<prop key="mail.smtp.auth">true</prop>
				<prop key="mail.smtps.ssl.checkserveridentity">true</prop>
				<prop key="mail.smtps.ssl.trust">*</prop>
				<prop key="mail.debug">true</prop>
				<prop key="mail.smtp.socketFactory.class">javax.net.ssl.SSLSocketFactory</prop>
			</props>
		</property>
	</bean>
</beans>
